{
    "name": "Elite Dangerous - Sample Pack",
    "version": "1.0.0",
    "author": "TuxTalks Community",
    "license": "MIT",
    "description": "Reference pack demonstrating LAL format for Elite Dangerous",
    "compatibility": {
        "tuxtalks_version": ">=1.1.0",
        "games": [
            "EliteDangerous"
        ]
    },
    "content": {
        "audio": {
            "index_file": "audio/index.json",
            "format": "wav",
            "sample_rate": 44100
        },
        "macros": [
            "macros/combat.json",
            "macros/exploration.json"
        ]
    },
    "metadata": {
        "created": "2025-12-10",
        "pack_type": "reference"
    }
}